Workbook

Sheet Summary
A1: LOCATE TRACKER | P1: Status | Q1: Count | R1: _AREAS | S1: _COMPANIES
A2: TOTAL TICKETS | D2: PENDING | G2: CLEARED | J2: EXPIRED | P2: Pending | Q2: {=SUMPRODUCT((TRIM(UPPER(Master!O2:O3859))="PENDING")*1)} -> 276 | R2: {=IFERROR(_xlfn._xlws.SORT(_xlfn.UNIQUE(_xlfn._xlws.FILTER(UPPER(Master!G2:G3859),Master!G2:G3859<>""))),"")} -> CLEARWATER | S2: {=IFERROR(_xlfn._xlws.SORT(_xlfn.UNIQUE(_xlfn._xlws.FILTER(Master!H2:H3859,Master!H2:H3859<>""))),"")} -> A1 Broadband
A3: =COUNTA(Master!C2:C3859) -> 913 | D3: {=SUMPRODUCT((TRIM(UPPER(Master!O2:O3859))="PENDING")*1)} -> 276 | G3: {=SUMPRODUCT((TRIM(UPPER(Master!O2:O3859))="CLEAR")*1)} -> 521 | J3: {=SUMPRODUCT((TRIM(UPPER(Master!O2:O3859))="EXPIRED")*1)} -> 110 | P3: Clear | Q3: {=SUMPRODUCT((TRIM(UPPER(Master!O2:O3859))="CLEAR")*1)} -> 521 | R3: FORT MYERS | S3: Alpha Omega
A4: Active Locate Tickets | D4: Awaiting Completion | G4: Completed Locates | J4: No Action Taken | P4: Expired | Q4: {=SUMPRODUCT((TRIM(UPPER(Master!O2:O3859))="EXPIRED")*1)} -> 110 | R4: LARGO | S4: APT
P5: BRADENTON | Q5: =E27 -> 85 | R5: MANATEE | S5: APT
P6: Area | Q6: Count | R6: MIAMI | S6: APT Communications
P7: BRADENTON | Q7: {=SUMPRODUCT((UPPER(Master!G2:G3859)="BRADENTON")*1)} -> 0 | R7: PINELLAS | S7: ASM
P8: ST. PETERSBURG | Q8: {=SUMPRODUCT((UPPER(Master!G2:G3859)="ST. PETERSBURG")*1)} -> 1 | R8: PORT ST. LUCIE | S8: ASM UTILITIES
P9: PUNTA GORDA | Q9: {=SUMPRODUCT((UPPER(Master!G2:G3859)="PUNTA GORDA")*1)} -> 56 | R9: PORT ST. LUCIE | S9: BICOM
P10: SARASOTA | Q10: {=SUMPRODUCT((UPPER(Master!G2:G3859)="SARASOTA")*1)} -> 0 | R10: PUNTA GORDA | S10: Brothers
P11: PORT CHARLOTTE | Q11: {=SUMPRODUCT((UPPER(Master!G2:G3859)="PORT CHARLOTTE")*1)} -> 0 | R11: SEMINOLE | S11: Brother's
P12: Lightspeed | Q12: =H28 -> 3 | R12: SEMINOLE | S12: GN Systems
P13: Company | Q13: Count | R13: ST. PETERSBURG | S13: HAS GLOBAL
P14: =IFERROR(INDEX(_xlfn.ANCHORARRAY(S2),1),"") -> A1 Broadband | Q14: {=IF(P14="","",SUMPRODUCT((UPPER(Master!H2:H3859)=UPPER(P14))*1))} -> 49 | S14: HD Cable
P15: =IFERROR(INDEX(_xlfn.ANCHORARRAY(S2),2),"") -> Alpha Omega | Q15: {=IF(P15="","",SUMPRODUCT((UPPER(Master!H2:H3859)=UPPER(P15))*1))} -> 16 | S15: ITG
P16: =IFERROR(INDEX(_xlfn.ANCHORARRAY(S2),3),"") -> APT | Q16: {=IF(P16="","",SUMPRODUCT((UPPER(Master!H2:H3859)=UPPER(P16))*1))} -> 11 | S16: ITG COMM
P17: =IFERROR(INDEX(_xlfn.ANCHORARRAY(S2),4),"") -> APT | Q17: {=IF(P17="","",SUMPRODUCT((UPPER(Master!H2:H3859)=UPPER(P17))*1))} -> 6 | S17: ITG COMMS
P18: =IFERROR(INDEX(_xlfn.ANCHORARRAY(S2),5),"") -> APT Communications | Q18: {=IF(P18="","",SUMPRODUCT((UPPER(Master!H2:H3859)=UPPER(P18))*1))} -> 3 | S18: KattleOne
P19: =IFERROR(INDEX(_xlfn.ANCHORARRAY(S2),6),"") -> ASM | Q19: {=IF(P19="","",SUMPRODUCT((UPPER(Master!H2:H3859)=UPPER(P19))*1))} -> 95 | S19: Legant Livings
P20: =IFERROR(INDEX(_xlfn.ANCHORARRAY(S2),7),"") -> ASM UTILITIES | Q20: {=IF(P20="","",SUMPRODUCT((UPPER(Master!H2:H3859)=UPPER(P20))*1))} -> 18 | S20: LOPEZ
P21: =IFERROR(INDEX(_xlfn.ANCHORARRAY(S2),8),"") -> BICOM | Q21: {=IF(P21="","",SUMPRODUCT((UPPER(Master!H2:H3859)=UPPER(P21))*1))} -> 47 | S21: LOPEZ UG
A22: AREA SUMMARY BY STATUS | G22: TICKETS BY COMPANY | P22: =IFERROR(INDEX(_xlfn.ANCHORARRAY(S2),9),"") -> Brothers | Q22: {=IF(P22="","",SUMPRODUCT((UPPER(Master!H2:H3859)=UPPER(P22))*1))} -> 57 | S22: Lopez Underground
A23: Area | B23: Pending | C23: Clear | D23: Expired | E23: Total | G23: Company | H23: Tickets | P23: =IFERROR(INDEX(_xlfn.ANCHORARRAY(S2),10),"") -> Brother's | Q23: {=IF(P23="","",SUMPRODUCT((UPPER(Master!H2:H3859)=UPPER(P23))*1))} -> 12 | S23: LSCG
A24: =IFERROR(INDEX(_xlfn.ANCHORARRAY(R2),1),"") -> CLEARWATER | B24: {=IF(A24="","",SUMPRODUCT((UPPER(Master!$G$2:$G$3859)=A24)*(TRIM(UPPER(Master!$O$2:$O$3859))="PENDING")))} -> 0 | C24: {=IF(A24="","",SUMPRODUCT((UPPER(Master!$G$2:$G$3859)=A24)*(TRIM(UPPER(Master!$O$2:$O$3859))="CLEAR")))} -> 51 | D24: {=IF(A24="","",SUMPRODUCT((UPPER(Master!$G$2:$G$3859)=A24)*(TRIM(UPPER(Master!$O$2:$O$3859))="EXPIRED")))} -> 20 | E24: =IF(A24="","",B24+C24+D24) -> 71 | G24: =IFERROR(INDEX(_xlfn.ANCHORARRAY(S2),1),"") -> A1 Broadband | H24: {=IF(G24="","",SUMPRODUCT((UPPER(Master!H2:H3859)=UPPER(G24))*1))} -> 49 | S24: LSCG / ITG COMM
A25: =IFERROR(INDEX(_xlfn.ANCHORARRAY(R2),2),"") -> FORT MYERS | B25: {=IF(A25="","",SUMPRODUCT((UPPER(Master!$G$2:$G$3859)=A25)*(TRIM(UPPER(Master!$O$2:$O$3859))="PENDING")))} -> 93 | C25: {=IF(A25="","",SUMPRODUCT((UPPER(Master!$G$2:$G$3859)=A25)*(TRIM(UPPER(Master!$O$2:$O$3859))="CLEAR")))} -> 142 | D25: {=IF(A25="","",SUMPRODUCT((UPPER(Master!$G$2:$G$3859)=A25)*(TRIM(UPPER(Master!$O$2:$O$3859))="EXPIRED")))} -> 18 | E25: =IF(A25="","",B25+C25+D25) -> 253 | G25: =IFERROR(INDEX(_xlfn.ANCHORARRAY(S2),2),"") -> Alpha Omega | H25: {=IF(G25="","",SUMPRODUCT((UPPER(Master!H2:H3859)=UPPER(G25))*1))} -> 16 | S25: NIA
A26: =IFERROR(INDEX(_xlfn.ANCHORARRAY(R2),3),"") -> LARGO | B26: {=IF(A26="","",SUMPRODUCT((UPPER(Master!$G$2:$G$3859)=A26)*(TRIM(UPPER(Master!$O$2:$O$3859))="PENDING")))} -> 9 | C26: {=IF(A26="","",SUMPRODUCT((UPPER(Master!$G$2:$G$3859)=A26)*(TRIM(UPPER(Master!$O$2:$O$3859))="CLEAR")))} -> 58 | D26: {=IF(A26="","",SUMPRODUCT((UPPER(Master!$G$2:$G$3859)=A26)*(TRIM(UPPER(Master!$O$2:$O$3859))="EXPIRED")))} -> 12 | E26: =IF(A26="","",B26+C26+D26) -> 79 | G26: =IFERROR(INDEX(_xlfn.ANCHORARRAY(S2),3),"") -> APT | H26: {=IF(G26="","",SUMPRODUCT((UPPER(Master!H2:H3859)=UPPER(G26))*1))} -> 11 | S26: North Path
A27: =IFERROR(INDEX(_xlfn.ANCHORARRAY(R2),4),"") -> MANATEE | B27: {=IF(A27="","",SUMPRODUCT((UPPER(Master!$G$2:$G$3859)=A27)*(TRIM(UPPER(Master!$O$2:$O$3859))="PENDING")))} -> 8 | C27: {=IF(A27="","",SUMPRODUCT((UPPER(Master!$G$2:$G$3859)=A27)*(TRIM(UPPER(Master!$O$2:$O$3859))="CLEAR")))} -> 77 | D27: {=IF(A27="","",SUMPRODUCT((UPPER(Master!$G$2:$G$3859)=A27)*(TRIM(UPPER(Master!$O$2:$O$3859))="EXPIRED")))} -> 0 | E27: =IF(A27="","",B27+C27+D27) -> 85 | G27: =IFERROR(INDEX(_xlfn.ANCHORARRAY(S2),4),"") -> APT | H27: {=IF(G27="","",SUMPRODUCT((UPPER(Master!H2:H3859)=UPPER(G27))*1))} -> 6 | S27: Power Connect
A28: =IFERROR(INDEX(_xlfn.ANCHORARRAY(R2),5),"") -> MIAMI | B28: {=IF(A28="","",SUMPRODUCT((UPPER(Master!$G$2:$G$3859)=A28)*(TRIM(UPPER(Master!$O$2:$O$3859))="PENDING")))} -> 7 | C28: {=IF(A28="","",SUMPRODUCT((UPPER(Master!$G$2:$G$3859)=A28)*(TRIM(UPPER(Master!$O$2:$O$3859))="CLEAR")))} -> 34 | D28: {=IF(A28="","",SUMPRODUCT((UPPER(Master!$G$2:$G$3859)=A28)*(TRIM(UPPER(Master!$O$2:$O$3859))="EXPIRED")))} -> 0 | E28: =IF(A28="","",B28+C28+D28) -> 41 | G28: =IFERROR(INDEX(_xlfn.ANCHORARRAY(S2),5),"") -> APT Communications | H28: {=IF(G28="","",SUMPRODUCT((UPPER(Master!H2:H3859)=UPPER(G28))*1))} -> 3 | S28: R & F
A29: =IFERROR(INDEX(_xlfn.ANCHORARRAY(R2),6),"") -> PINELLAS | B29: {=IF(A29="","",SUMPRODUCT((UPPER(Master!$G$2:$G$3859)=A29)*(TRIM(UPPER(Master!$O$2:$O$3859))="PENDING")))} -> 19 | C29: {=IF(A29="","",SUMPRODUCT((UPPER(Master!$G$2:$G$3859)=A29)*(TRIM(UPPER(Master!$O$2:$O$3859))="CLEAR")))} -> 30 | D29: {=IF(A29="","",SUMPRODUCT((UPPER(Master!$G$2:$G$3859)=A29)*(TRIM(UPPER(Master!$O$2:$O$3859))="EXPIRED")))} -> 10 | E29: =IF(A29="","",B29+C29+D29) -> 59 | G29: =IFERROR(INDEX(_xlfn.ANCHORARRAY(S2),6),"") -> ASM | H29: {=IF(G29="","",SUMPRODUCT((UPPER(Master!H2:H3859)=UPPER(G29))*1))} -> 95 | S29: Randy's Utilities
A30: =IFERROR(INDEX(_xlfn.ANCHORARRAY(R2),7),"") -> PORT ST. LUCIE | B30: {=IF(A30="","",SUMPRODUCT((UPPER(Master!$G$2:$G$3859)=A30)*(TRIM(UPPER(Master!$O$2:$O$3859))="PENDING")))} -> 1 | C30: {=IF(A30="","",SUMPRODUCT((UPPER(Master!$G$2:$G$3859)=A30)*(TRIM(UPPER(Master!$O$2:$O$3859))="CLEAR")))} -> 0 | D30: {=IF(A30="","",SUMPRODUCT((UPPER(Master!$G$2:$G$3859)=A30)*(TRIM(UPPER(Master!$O$2:$O$3859))="EXPIRED")))} -> 0 | E30: =IF(A30="","",B30+C30+D30) -> 1 | G30: =IFERROR(INDEX(_xlfn.ANCHORARRAY(S2),7),"") -> ASM UTILITIES | H30: {=IF(G30="","",SUMPRODUCT((UPPER(Master!H2:H3859)=UPPER(G30))*1))} -> 18 | S30: RDA
A31: =IFERROR(INDEX(_xlfn.ANCHORARRAY(R2),8),"") -> PORT ST. LUCIE | B31: {=IF(A31="","",SUMPRODUCT((UPPER(Master!$G$2:$G$3859)=A31)*(TRIM(UPPER(Master!$O$2:$O$3859))="PENDING")))} -> 24 | C31: {=IF(A31="","",SUMPRODUCT((UPPER(Master!$G$2:$G$3859)=A31)*(TRIM(UPPER(Master!$O$2:$O$3859))="CLEAR")))} -> 22 | D31: {=IF(A31="","",SUMPRODUCT((UPPER(Master!$G$2:$G$3859)=A31)*(TRIM(UPPER(Master!$O$2:$O$3859))="EXPIRED")))} -> 0 | E31: =IF(A31="","",B31+C31+D31) -> 46 | G31: =IFERROR(INDEX(_xlfn.ANCHORARRAY(S2),8),"") -> BICOM | H31: {=IF(G31="","",SUMPRODUCT((UPPER(Master!H2:H3859)=UPPER(G31))*1))} -> 47 | S31: RDA Soluntions
A32: =IFERROR(INDEX(_xlfn.ANCHORARRAY(R2),9),"") -> PUNTA GORDA | B32: {=IF(A32="","",SUMPRODUCT((UPPER(Master!$G$2:$G$3859)=A32)*(TRIM(UPPER(Master!$O$2:$O$3859))="PENDING")))} -> 0 | C32: {=IF(A32="","",SUMPRODUCT((UPPER(Master!$G$2:$G$3859)=A32)*(TRIM(UPPER(Master!$O$2:$O$3859))="CLEAR")))} -> 56 | D32: {=IF(A32="","",SUMPRODUCT((UPPER(Master!$G$2:$G$3859)=A32)*(TRIM(UPPER(Master!$O$2:$O$3859))="EXPIRED")))} -> 0 | E32: =IF(A32="","",B32+C32+D32) -> 56 | G32: =IFERROR(INDEX(_xlfn.ANCHORARRAY(S2),9),"") -> Brothers | H32: {=IF(G32="","",SUMPRODUCT((UPPER(Master!H2:H3859)=UPPER(G32))*1))} -> 57 | S32: RDA SOLUTIONS
A33: =IFERROR(INDEX(_xlfn.ANCHORARRAY(R2),10),"") -> SEMINOLE | B33: {=IF(A33="","",SUMPRODUCT((UPPER(Master!$G$2:$G$3859)=A33)*(TRIM(UPPER(Master!$O$2:$O$3859))="PENDING")))} -> 92 | C33: {=IF(A33="","",SUMPRODUCT((UPPER(Master!$G$2:$G$3859)=A33)*(TRIM(UPPER(Master!$O$2:$O$3859))="CLEAR")))} -> 34 | D33: {=IF(A33="","",SUMPRODUCT((UPPER(Master!$G$2:$G$3859)=A33)*(TRIM(UPPER(Master!$O$2:$O$3859))="EXPIRED")))} -> 2 | E33: =IF(A33="","",B33+C33+D33) -> 128 | G33: =IFERROR(INDEX(_xlfn.ANCHORARRAY(S2),10),"") -> Brother's | H33: {=IF(G33="","",SUMPRODUCT((UPPER(Master!H2:H3859)=UPPER(G33))*1))} -> 12 | S33: RESTORING PRO
A34: =IFERROR(INDEX(_xlfn.ANCHORARRAY(R2),11),"") -> SEMINOLE | B34: {=IF(A34="","",SUMPRODUCT((UPPER(Master!$G$2:$G$3859)=A34)*(TRIM(UPPER(Master!$O$2:$O$3859))="PENDING")))} -> 23 | C34: {=IF(A34="","",SUMPRODUCT((UPPER(Master!$G$2:$G$3859)=A34)*(TRIM(UPPER(Master!$O$2:$O$3859))="CLEAR")))} -> 16 | D34: {=IF(A34="","",SUMPRODUCT((UPPER(Master!$G$2:$G$3859)=A34)*(TRIM(UPPER(Master!$O$2:$O$3859))="EXPIRED")))} -> 48 | E34: =IF(A34="","",B34+C34+D34) -> 87 | G34: =IFERROR(INDEX(_xlfn.ANCHORARRAY(S2),11),"") -> GN Systems | H34: {=IF(G34="","",SUMPRODUCT((UPPER(Master!H2:H3859)=UPPER(G34))*1))} -> 53 | S34: SOSA
A35: =IFERROR(INDEX(_xlfn.ANCHORARRAY(R2),12),"") -> ST. PETERSBURG | B35: {=IF(A35="","",SUMPRODUCT((UPPER(Master!$G$2:$G$3859)=A35)*(TRIM(UPPER(Master!$O$2:$O$3859))="PENDING")))} -> 0 | C35: {=IF(A35="","",SUMPRODUCT((UPPER(Master!$G$2:$G$3859)=A35)*(TRIM(UPPER(Master!$O$2:$O$3859))="CLEAR")))} -> 1 | D35: {=IF(A35="","",SUMPRODUCT((UPPER(Master!$G$2:$G$3859)=A35)*(TRIM(UPPER(Master!$O$2:$O$3859))="EXPIRED")))} -> 0 | E35: =IF(A35="","",B35+C35+D35) -> 1 | G35: =IFERROR(INDEX(_xlfn.ANCHORARRAY(S2),12),"") -> HAS GLOBAL | H35: {=IF(G35="","",SUMPRODUCT((UPPER(Master!H2:H3859)=UPPER(G35))*1))} -> 5 | S35: YOSEP
A36: =IFERROR(INDEX(_xlfn.ANCHORARRAY(R2),13),"") | B36: {=IF(A36="","",SUMPRODUCT((UPPER(Master!$G$2:$G$3859)=A36)*(TRIM(UPPER(Master!$O$2:$O$3859))="PENDING")))} | C36: {=IF(A36="","",SUMPRODUCT((UPPER(Master!$G$2:$G$3859)=A36)*(TRIM(UPPER(Master!$O$2:$O$3859))="CLEAR")))} | D36: {=IF(A36="","",SUMPRODUCT((UPPER(Master!$G$2:$G$3859)=A36)*(TRIM(UPPER(Master!$O$2:$O$3859))="EXPIRED")))} | E36: =IF(A36="","",B36+C36+D36) | G36: =IFERROR(INDEX(_xlfn.ANCHORARRAY(S2),13),"") -> HD Cable | H36: {=IF(G36="","",SUMPRODUCT((UPPER(Master!H2:H3859)=UPPER(G36))*1))} -> 9
A37: =IFERROR(INDEX(_xlfn.ANCHORARRAY(R2),14),"") | B37: {=IF(A37="","",SUMPRODUCT((UPPER(Master!$G$2:$G$3859)=A37)*(TRIM(UPPER(Master!$O$2:$O$3859))="PENDING")))} | C37: {=IF(A37="","",SUMPRODUCT((UPPER(Master!$G$2:$G$3859)=A37)*(TRIM(UPPER(Master!$O$2:$O$3859))="CLEAR")))} | D37: {=IF(A37="","",SUMPRODUCT((UPPER(Master!$G$2:$G$3859)=A37)*(TRIM(UPPER(Master!$O$2:$O$3859))="EXPIRED")))} | E37: =IF(A37="","",B37+C37+D37) | G37: =IFERROR(INDEX(_xlfn.ANCHORARRAY(S2),14),"") -> ITG | H37: {=IF(G37="","",SUMPRODUCT((UPPER(Master!H2:H3859)=UPPER(G37))*1))} -> 40
A38: =IFERROR(INDEX(_xlfn.ANCHORARRAY(R2),15),"") | B38: {=IF(A38="","",SUMPRODUCT((UPPER(Master!$G$2:$G$3859)=A38)*(TRIM(UPPER(Master!$O$2:$O$3859))="PENDING")))} | C38: {=IF(A38="","",SUMPRODUCT((UPPER(Master!$G$2:$G$3859)=A38)*(TRIM(UPPER(Master!$O$2:$O$3859))="CLEAR")))} | D38: {=IF(A38="","",SUMPRODUCT((UPPER(Master!$G$2:$G$3859)=A38)*(TRIM(UPPER(Master!$O$2:$O$3859))="EXPIRED")))} | E38: =IF(A38="","",B38+C38+D38) | G38: =IFERROR(INDEX(_xlfn.ANCHORARRAY(S2),15),"") -> ITG COMM | H38: {=IF(G38="","",SUMPRODUCT((UPPER(Master!H2:H3859)=UPPER(G38))*1))} -> 2
A39: TOTALS | B39: =SUMIF(A24:A38,"<>",B24:B38) -> 276 | C39: =SUMIF(A24:A38,"<>",C24:C38) -> 521 | D39: =SUMIF(A24:A38,"<>",D24:D38) -> 110 | E39: =SUMIF(A24:A38,"<>",E24:E38) -> 907 | G39: =IFERROR(INDEX(_xlfn.ANCHORARRAY(S2),16),"") -> ITG COMMS | H39: {=IF(G39="","",SUMPRODUCT((UPPER(Master!H2:H3859)=UPPER(G39))*1))} -> 36
G40: =IFERROR(INDEX(_xlfn.ANCHORARRAY(S2),17),"") -> KattleOne | H40: {=IF(G40="","",SUMPRODUCT((UPPER(Master!H2:H3859)=UPPER(G40))*1))} -> 25
G41: TOTALS | H41: =SUM(H24:H40) -> 484
A42: Status | B42: Count | D42: Area | E42: Count | G42: Company | H42: Count
A43: Pending | B43: =D3 -> 276 | D43: BRADENTON | E43: =E27 -> 85 | G43: GN Systems | H43: =H27 -> 6
A44: Clear | B44: =G3 -> 521 | D44: ST. PETERSBURG | E44: =E28 -> 41 | G44: Lightspeed | H44: =H28 -> 3
A45: Expired | B45: =J3 -> 110 | D45: PUNTA GORDA | E45: =E29 -> 59 | G45: LSCG | H45: =H29 -> 95
D46: SARASOTA | E46: =E30 -> 1
A47: KPI_DATA | D47: PORT CHARLOTTE | E47: =E31 -> 46
A48: =COUNTA(Master!C2:C3859) -> 913 | B48: =B54+B55 -> 797 | C48: =B55 -> 521 | D48: =B56 -> 110
A52: STATUS_DATA
A53: Status | B53: Count
A54: Pending | B54: =D3 -> 276
A55: Clear | B55: =G3 -> 521
A56: Expired | B56: =J3 -> 110
A62: AREA_DATA
A63: Area | B63: Count
A64: BRADENTON | B64: =COUNTIF(Master!G2:G3859,"BRADENTON") -> 0
A65: ST. PETERSBURG | B65: =COUNTIF(Master!G2:G3859,"ST. PETERSBURG") -> 1
A66: PUNTA GORDA | B66: =COUNTIF(Master!G2:G3859,"PUNTA GORDA") -> 56
A67: Sarasota | B67: =COUNTIF(Master!G2:G3859,"Sarasota") -> 0
A68: Port Charlotte | B68: =COUNTIF(Master!G2:G3859,"Port Charlotte") -> 0
A69: ST PETE | B69: =COUNTIF(Master!G2:G3859,"ST PETE") -> 0
A74: COMPANY_DATA
A75: Company | B75: Count
A76: GN Systems | B76: =COUNTIF(Master!H2:H3859,"GN Systems") -> 53
A77: Lightspeed | B77: =COUNTIF(Master!H2:H3859,"Lightspeed") -> 0
A78: LIGHTSPEED | B78: =COUNTIF(Master!H2:H3859,"LIGHTSPEED") -> 0
A79: LSCG | B79: =COUNTIF(Master!H2:H3859,"LSCG") -> 73

Sheet Master
A1: MAP # | B1: PERMIT # | C1: LOCATE TICKET | D1: 2ND TICKET | E1: 3RD TICKET | F1: PHONE NUMBER | G1: AREA | H1: COMPANY NAME | I1: DATE CALLED | J1: DUE DATE | K1: EXPIRE DATE | L1: 1st Call | M1: 2nd Call | N1: 3rd Call | O1: TICKET STATUS | P1: DATE TICKET COMPLETED | Q1: FOOTAGE | R1: NOTES
A2: D-HPP638 | B2: RUP-26-00500 | C2: 149606102 | D2: 202604860 | E2: 230602160 | F2: 727-338-4027 | G2: CLEARWATER | H2: LSCG | I2: 46252 | J2: 46255 | K2: 46283 | O2: Clear
A3: D-HPP638 | B3: RUP-26-00500 | C3: 149605915 | D3: 202604874 | E3: 230602148 | F3: 727-338-4027 | G3: CLEARWATER | H3: LSCG | I3: 46252 | J3: 46255 | K3: 46283 | O3: Clear
A4: D-HPP638 | B4: RUP-26-00500 | C4: 149605949 | D4: 202604889 | E4: 230602138 | F4: 727-338-4027 | G4: CLEARWATER | H4: LSCG | I4: 46252 | J4: 46255 | K4: 46283 | O4: Clear
A5: D-HPP638 | B5: RUP-26-00500 | C5: 149605839 | D5: 202604906 | E5: 230602126 | F5: 727-338-4027 | G5: CLEARWATER | H5: LSCG | I5: 46252 | J5: 46255 | K5: 46283 | O5: Clear
A6: D-HPP638 | B6: RUP-26-00500 | C6: 149605888 | D6: 202604913 | E6: 230602117 | F6: 727-338-4027 | G6: CLEARWATER | H6: LSCG | I6: 46252 | J6: 46255 | K6: 46283 | O6: Clear
A7: D-HPP638 | B7: RUP-26-00500 | C7: 149605739 | D7: 202604925 | E7: 230602109 | F7: 727-338-4027 | G7: CLEARWATER | H7: LSCG | I7: 46252 | J7: 46255 | K7: 46283 | O7: Clear
A8: D-HPP638 | B8: RUP-26-00500 | C8: 149606173 | D8: 202604936 | E8: 230602100 | F8: 727-338-4027 | G8: CLEARWATER | H8: LSCG | I8: 46252 | J8: 46255 | K8: 46283 | O8: Clear
A9: D-HPP638 | B9: RUP-26-00500 | C9: 149606196 | D9: 202604944 | E9: 230602091 | F9: 727-338-4027 | G9: CLEARWATER | H9: LSCG | I9: 46252 | J9: 46255 | K9: 46283 | O9: Clear
A10: D-HPP637 | B10: RUP-26-00528 | C10: 204603967 | D10: 230602812 | F10: 813-394-1039 | G10: CLEARWATER | H10: LSCG | I10: 46252 | J10: 46255 | K10: 46283 | O10: Clear
A11: D-HPP637 | B11: RUP-26-00528 | C11: 204604010 | D11: 230602781 | F11: 813-394-1039 | G11: CLEARWATER | H11: LSCG | I11: 46252 | J11: 46255 | K11: 46283 | O11: Clear
A12: D-HPP637 | B12: RUP-26-00528 | C12: 204604089 | D12: 230602414 | F12: 813-394-1039 | G12: CLEARWATER | H12: LSCG | I12: 46252 | J12: 46255 | K12: 46283 | O12: Clear
A13: D-HPP637 | B13: RUP-26-00528 | C13: 204604138 | D13: 230602401 | F13: 813-394-1039 | G13: CLEARWATER | H13: LSCG | I13: 46252 | J13: 46255 | K13: 46283 | O13: Clear
A14: D-HPP637 | B14: RUP-26-00528 | C14: 204604171 | D14: 230602386 | F14: 813-394-1039 | G14: CLEARWATER | H14: LSCG | I14: 46252 | J14: 46255 | K14: 46283 | O14: Clear
A15: D-HPP637 | B15: RUP-26-00528 | C15: 204604190 | D15: 230602370 | F15: 813-394-1039 | G15: CLEARWATER | H15: LSCG | I15: 46252 | J15: 46255 | K15: 46283 | O15: Clear
A16: D-HPP637 | B16: RUP-26-00528 | C16: 204604339 | D16: 230602296 | F16: 813-394-1039 | G16: CLEARWATER | H16: LSCG | I16: 46252 | J16: 46255 | K16: 46283 | O16: EXPIRED
A17: D-HLC511 | B17: RUP-26-01300 | C17: 205600663 | D17: 239600561 | F17: 813-394-1039 | G17: CLEARWATER | H17: LSCG | I17: 46227 | J17: 46230 | K17: 46258 | O17: Clear
A18: D-HLC511 | B18: RUP-26-01300 | C18: 205600565 | D18: 239600566 | F18: 813-394-1039 | G18: CLEARWATER | H18: LSCG | I18: 46227 | J18: 46230 | K18: 46258 | O18: Clear
A19: D-HLC511 | B19: RUP-26-01300 | C19: 205600476 | D19: 239600570 | F19: 813-394-1039 | G19: CLEARWATER | H19: LSCG | I19: 46227 | J19: 46230 | K19: 46258 | O19: Clear
A20: D-HLC511 | B20: RUP-26-01300 | C20: 205600464 | D20: 239600578 | F20: 813-394-1039 | G20: CLEARWATER | H20: LSCG | I20: 46227 | J20: 46230 | K20: 46258 | O20: Clear
A21: D-HPP608 | B21: RUP-26-00353 | C21: 203600145 | D21: 229601556 | F21: 863-212-6570 | G21: CLEARWATER | H21: LSCG | I21: 46251 | J21: 46254 | K21: 46282 | O21: Clear | R21: per james h this is job is complete
A22: D-HPP608 | B22: RUP-26-00353 | C22: 203600153 | D22: 229601586 | F22: 863-212-6570 | G22: CLEARWATER | H22: LSCG | I22: 46251 | J22: 46254 | K22: 46282 | O22: Clear
A23: D-HPP608 | B23: RUP-26-00353 | C23: 203600157 | D23: 229601597 | F23: 863-212-6570 | G23: CLEARWATER | H23: LSCG | I23: 46251 | J23: 46254 | K23: 46282 | O23: Clear
A24: D-HPP608 | B24: RUP-26-00353 | C24: 203600162 | D24: 229601564 | F24: 863-212-6570 | G24: CLEARWATER | H24: LSCG | I24: 46251 | J24: 46254 | K24: 46282 | O24: Clear
A25: D-HPP608 | B25: RUP-26-00353 | C25: 203600168 | D25: 229601573 | F25: 863-212-6570 | G25: CLEARWATER | H25: LSCG | I25: 46251 | J25: 46254 | K25: 46282 | O25: Clear
A26: D-HPP608 | B26: RUP-26-00353 | C26: 203600174 | D26: 229601604 | F26: 863-212-6570 | G26: CLEARWATER | H26: LSCG | I26: 46251 | J26: 46254 | K26: 46282 | O26: Clear
A27: D-HPP608 | B27: RUP-26-00353 | C27: 203600178 | D27: 229601536 | F27: 863-212-6570 | G27: CLEARWATER | H27: LSCG | I27: 46251 | J27: 46254 | K27: 46282 | O27: Clear
A28: FB-HOE401-V4 | C28: 210601640 | F28: 727-338-4027 | G28: MANATEE | H28: LSCG | I28: 46232 | J28: 46235 | K28: 46263 | O28: Clear
A29: FB-HOE401-V6 | C29: 210603499 | F29: 727-338-4027 | G29: MANATEE | H29: LSCG | I29: 46232 | J29: 46235 | K29: 46263 | O29: Clear
A30: D-HLC505 | B30: RUP-26-01305 | C30: 210609327 | F30: 813-494-6583 | G30: Largo | H30: NIA | I30: 46232 | J30: 46235 | K30: 46263 | O30: Clear
A31: D-HLC505 | B31: RUP-26-01305 | C31: 210609318 | F31: 813-494-6583 | G31: Largo | H31: NIA | I31: 46232 | J31: 46235 | K31: 46263 | O31: Clear
A32: D-HLC505 | B32: RUP-26-01305 | C32: 210609312 | F32: 813-494-6583 | G32: Largo | H32: NIA | I32: 46232 | J32: 46235 | K32: 46263 | O32: Clear
A33: D-HLC505 | B33: RUP-26-01305 | C33: 210609305 | F33: 813-494-6583 | G33: Largo | H33: NIA | I33: 46232 | J33: 46235 | K33: 46263 | O33: Clear
A34: D-HLC505 | B34: RUP-26-01305 | C34: 210609298 | F34: 813-494-6583 | G34: Largo | H34: NIA | I34: 46232 | J34: 46235 | K34: 46263 | O34: Clear
A35: D-HLC505 | B35: RUP-26-01305 | C35: 210609286 | F35: 813-494-6583 | G35: Largo | H35: NIA | I35: 46232 | J35: 46235 | K35: 46263 | O35: Clear
A36: D-HLC505 | B36: RUP-26-01305 | C36: 210609283 | F36: 813-494-6583 | G36: Largo | H36: NIA | I36: 46232 | J36: 46235 | K36: 46263 | O36: Clear
A37: D-HLC505 | B37: RUP-26-01305 | C37: 210608880 | F37: 813-494-6583 | G37: Largo | H37: NIA | I37: 46232 | J37: 46235 | K37: 46263 | O37: Clear
A38: D-HLC505 | B38: RUP-26-01305 | C38: 210608873 | F38: 813-494-6583 | G38: Largo | H38: NIA | I38: 46232 | J38: 46235 | K38: 46263 | O38: Clear
A39: D-HLC505 | B39: RUP-26-01305 | C39: 210608863 | F39: 813-494-6583 | G39: Largo | H39: NIA | I39: 46232 | J39: 46235 | K39: 46263 | O39: Clear
A40: FB-HTG279 | B40: ROW2026-01941 | C40: 215604240 | F40: 727-338-4027 | G40: FORT MYERS | H40: LSCG | I40: 46237 | J40: 46240 | K40: 46268 | O40: Clear
A41: FB-HTG279 | B41: ROW2026-01941 | C41: 215604331 | F41: 727-338-4027 | G41: FORT MYERS | H41: LSCG | I41: 46237 | J41: 46240 | K41: 46268 | O41: EXPIRED
... A43: FB-HTG279 | B43: ROW2026-01941 | C43: 215604409 | F43: 727-338-4027 | G43: FORT MYERS | H43: LSCG | I43: 46237 | J43: 46240 | K43: 46268 | O43: EXPIRED
A44: D-HBR259 | B44: 2026006964 | C44: 211604647 | F44: 727-336-9556 | G44: Miami | H44: LSCG | I44: 46234 | J44: 46238 | K44: 46269 | O44: CLEAR
A45: D-HBR259 | B45: 2026006964 | C45: 211604617 | F45: 727-336-9556 | G45: Miami | H45: LSCG | I45: 46234 | J45: 46238 | K45: 46269 | O45: CLEAR
A46: D-HBR259 | B46: 2026006964 | C46: 211604583 | F46: 727-336-9556 | G46: Miami | H46: LSCG | I46: 46234 | J46: 46238 | K46: 46269 | O46: CLEAR
A47: D-HBR259 | B47: 2026006964 | C47: 211604331 | F47: 727-336-9556 | G47: Miami | H47: LSCG | I47: 46234 | J47: 46238 | K47: 46269 | O47: CLEAR
A48: D-HBR259 | B48: 2026006964 | C48: 211604318 | F48: 727-336-9556 | G48: Miami | H48: LSCG | I48: 46234 | J48: 46238 | K48: 46269 | O48: CLEAR
A49: D-HBR259 | B49: 2026006964 | C49: 211604272 | F49: 727-336-9556 | G49: Miami | H49: LSCG | I49: 46234 | J49: 46238 | K49: 46269 | O49: CLEAR
A50: D-HBR259 | B50: 2026006964 | C50: 211604230 | F50: 727-336-9556 | G50: Miami | H50: LSCG | I50: 46234 | J50: 46238 | K50: 46269 | O50: CLEAR
A51: D-HBR259 | B51: 2026006964 | C51: 211603982 | F51: 727-336-9556 | G51: Miami | H51: LSCG | I51: 46234 | J51: 46238 | K51: 46269 | O51: CLEAR
A52: D-HBR259 | B52: 2026006964 | C52: 211603963 | F52: 727-336-9556 | G52: Miami | H52: LSCG | I52: 46234 | J52: 46238 | K52: 46269 | O52: CLEAR
A53: D-HBR259 | B53: 2026006964 | C53: 211603939 | F53: 727-336-9556 | G53: Miami | H53: LSCG | I53: 46234 | J53: 46238 | K53: 46269 | O53: CLEAR
A54: D-HBR259 | B54: 2026006964 | C54: 211603909 | F54: 727-336-9556 | G54: Miami | H54: LSCG | I54: 46234 | J54: 46238 | K54: 46269 | O54: CLEAR
A55: D-HBR259 | B55: 2026006964 | C55: 211603884 | F55: 727-336-9556 | G55: Miami | H55: LSCG | I55: 46234 | J55: 46238 | K55: 46269 | O55: CLEAR
... A60: D-HBR259 | B60: 2026006964 | C60: 211603693 | F60: 727-336-9556 | G60: Miami | H60: LSCG | I60: 46234 | J60: 46238 | K60: 46269 | O60: clear
A61: FB-HSW425 | B61: 2026-H490-00005 | C61: 218607727 | F61: 934-768-1166 | G61: Port St. Lucie | H61: BICOM | I61: 46240 | J61: 46243 | K61: 46271 | O61: clear
A62: D-HPW346 | B62: ROW2026-01510 | C62: 228600835 | F62: 347-885-4132 | G62: FORT MYERS | H62: A1 Broadband | I62: 46250 | J62: 46253 | K62: 46281 | O62: clear
A63: D-HPW346 | B63: ROW2026-01510 | C63: 228600841 | F63: 347-885-4132 | G63: FORT MYERS | H63: A1 Broadband | I63: 46250 | J63: 46253 | K63: 46281 | O63: clear
A64: D-HPW346 | B64: ROW2026-01510 | C64: 228600848 | F64: 347-885-4132 | G64: FORT MYERS | H64: A1 Broadband | I64: 46250 | J64: 46253 | K64: 46281 | O64: clear
A65: D-HPW346 | B65: ROW2026-01510 | C65: 228600853 | F65: 347-885-4132 | G65: FORT MYERS | H65: A1 Broadband | I65: 46250 | J65: 46253 | K65: 46281 | O65: clear
A66: D-HPW346 | B66: ROW2026-01510 | C66: 228600859 | F66: 347-885-4132 | G66: FORT MYERS | H66: A1 Broadband | I66: 46250 | J66: 46253 | K66: 46281 | O66: clear
A67: D-HPW346 | B67: ROW2026-01510 | C67: 228600861 | F67: 347-885-4132 | G67: FORT MYERS | H67: A1 Broadband | I67: 46250 | J67: 46253 | K67: 46281 | O67: clear
A68: D-HPW346 | B68: ROW2026-01510 | C68: 228600863 | F68: 347-885-4132 | G68: FORT MYERS | H68: A1 Broadband | I68: 46250 | J68: 46253 | K68: 46281 | O68: clear
A69: D-HPW346 | B69: ROW2026-01510 | C69: 228600879 | F69: 347-885-4132 | G69: FORT MYERS | H69: A1 Broadband | I69: 46250 | J69: 46253 | K69: 46281 | O69: clear
A70: D-HPW346 | B70: ROW2026-01510 | C70: 228600882 | F70: 347-885-4132 | G70: FORT MYERS | H70: A1 Broadband | I70: 46250 | J70: 46253 | K70: 46281 | O70: clear
A71: D-HPW346 | B71: ROW2026-01510 | C71: 228600890 | F71: 347-885-4132 | G71: FORT MYERS | H71: A1 Broadband | I71: 46250 | J71: 46253 | K71: 46281 | O71: Clear
A72: D-HTG305 | C72: 230602901 | F72: 727-338-4027 | G72: FORT MYERS | H72: LSCG | I72: 46252 | J72: 46255 | K72: 46283 | O72: Clear
A73: D-HTG305 | C73: 230602987 | F73: 727-338-4027 | G73: FORT MYERS | H73: LSCG | I73: 46252 | J73: 46255 | K73: 46283 | O73: Clear
A74: D-HTG305 | C74: 230603014 | F74: 727-338-4027 | G74: FORT MYERS | H74: LSCG | I74: 46252 | J74: 46255 | K74: 46283 | O74: Clear
A75: D-HTG305 | C75: 230603054 | F75: 727-338-4027 | G75: FORT MYERS | H75: LSCG | I75: 46252 | J75: 46255 | K75: 46283 | O75: Clear
A76: D-HTG305 | C76: 230603112 | F76: 727-338-4027 | G76: FORT MYERS | H76: LSCG | I76: 46252 | J76: 46255 | K76: 46283 | O76: Clear
A77: D-HTG305 | C77: 230603140 | F77: 727-338-4027 | G77: FORT MYERS | H77: LSCG | I77: 46252 | J77: 46255 | K77: 46283 | O77: EXPIRED
A78: D-HTG305 | C78: 230603174 | F78: 727-338-4027 | G78: FORT MYERS | H78: LSCG | I78: 46252 | J78: 46255 | K78: 46283 | O78: Clear
A79: D-HTG305 | C79: 230603203 | F79: 727-338-4027 | G79: FORT MYERS | H79: LSCG | I79: 46252 | J79: 46255 | K79: 46283 | O79: Clear
A80: BHC-FSW-04-E | C80: 228600459 | F80: 934-768-1166 | G80: Port St. Lucie | H80: BICOM | I80: 46251 | J80: 46253 | K80: 46281 | O80: Clear
A81: BHC-FSW-04-E | C81: 228600513 | F81: 934-768-1166 | G81: Port St. Lucie | H81: BICOM | I81: 46251 | J81: 46253 | K81: 46281 | O81: Clear
A82: BHC-FSW-04-E | C82: 229602546 | F82: 934-768-1166 | G82: Port St. Lucie | H82: BICOM | I82: 46251 | J82: 46253 | K82: 46281 | O82: Clear
A83: BHC-FSW-04-E | C83: 230602485 | F83: 934-768-1166 | G83: Port St. Lucie | H83: BICOM | I83: 46251 | J83: 46253 | K83: 46281 | O83: Clear
... A91: BHC-FSW-04-E | C91: 230603930 | F91: 934-768-1166 | G91: Port St. Lucie | H91: BICOM | I91: 46251 | J91: 46253 | K91: 46281 | O91: Clear
A92: FB-HPP612 | B92: RUP-26-00336 | C92: 233604197 | F92: 772-633-9215 | G92: CLEARWATER | H92: Brothers | I92: 46255 | J92: 46260 | K92: 46285 | O92: Clear
A93: FB-HPP612 | B93: RUP-26-00336 | C93: 233604213 | F93: 772-633-9215 | G93: CLEARWATER | H93: Brothers | I93: 46255 | J93: 46260 | K93: 46285 | O93: Clear
A94: FB-HPP612 | B94: RUP-26-00336 | C94: 233604229 | F94: 772-633-9215 | G94: CLEARWATER | H94: Brothers | I94: 46255 | J94: 46260 | K94: 46285 | O94: Clear
A95: D-HPP517 | C95: 236609595 | F95: 706-594-3700 | G95: Largo | H95: ASM | I95: 46258 | J95: 46261 | K95: 46289 | O95: Clear
A96: D-HPP517 | C96: 236609568 | F96: 706-594-3700 | G96: Largo | H96: ASM | I96: 46258 | J96: 46261 | K96: 46289 | O96: Clear
A97: D-HPP517 | C97: 236609610 | F97: 706-594-3700 | G97: Largo | H97: ASM | I97: 46258 | J97: 46261 | K97: 46289 | O97: Clear
A98: D-HPP517 | C98: 236609743 | F98: 706-594-3700 | G98: Largo | H98: ASM | I98: 46258 | J98: 46261 | K98: 46289 | O98: Clear
A99: D-HPP517 | C99: 236609767 | F99: 706-594-3700 | G99: Largo | H99: ASM | I99: 46258 | J99: 46261 | K99: 46289 | O99: Clear
A100: D-HPP517 | C100: 236609790 | F100: 706-594-3700 | G100: Largo | H100: ASM | I100: 46258 | J100: 46261 | K100: 46289 | O100: Clear
A101: D-HPP517 | C101: 236609815 | F101: 706-594-3700 | G101: Largo | H101: ASM | I101: 46258 | J101: 46261 | K101: 46289 | O101: Clear
A102: D-HPP517 | C102: 236609837 | F102: 706-594-3700 | G102: Largo | H102: ASM | I102: 46258 | J102: 46261 | K102: 46289 | O102: Clear
A103: D-HPP517 | C103: 236609853 | F103: 706-594-3700 | G103: Largo | H103: ASM | I103: 46258 | J103: 46261 | K103: 46289 | O103: Clear
A104: D-HPP517 | C104: 236609875 | F104: 706-594-3700 | G104: Largo | H104: ASM | I104: 46258 | J104: 46261 | K104: 46289 | O104: Clear
A105: D-HPP517 | C105: 236609886 | F105: 706-594-3700 | G105: Largo | H105: ASM | I105: 46258 | J105: 46261 | K105: 46289 | O105: Clear
A106: D-HPP517 | C106: 236609921 | F106: 706-594-3700 | G106: Largo | H106: ASM | I106: 46258 | J106: 46261 | K106: 46289 | O106: Clear
... A147: D-HLC507 | C147: 236610249 | F147: 706-594-3700 | G147: Largo | H147: ASM | I147: 46258 | J147: 46261 | K147: 46289 | O147: Clear
A148: D-HNP108 | B148: 24-1172-T | C148: 124607312 | D148: 237601849 | F148: 727-337-1007 | G148: St. Petersburg | H148: LSCG | I148: 8/25/206 | J148: 46261 | K148: 46289 | O148: Clear
A149: D-HLC510 | C149: 237601863 | F149: 727-338-4027 | G149: CLEARWATER | H149: LSCG | I149: 46259 | J149: 46262 | K149: 46290 | O149: Clear
A150: D-HLC510 | C150: 237601892 | F150: 727-338-4027 | G150: CLEARWATER | H150: LSCG | I150: 46259 | J150: 46262 | K150: 46290 | O150: Clear
A151: D-HLC510 | C151: 237601915 | F151: 727-338-4027 | G151: CLEARWATER | H151: LSCG | I151: 46259 | J151: 46262 | K151: 46290 | O151: Clear
A152: D-HLC510 | C152: 237601952 | F152: 727-338-4027 | G152: CLEARWATER | H152: LSCG | I152: 46259 | J152: 46262 | K152: 46290 | O152: Clear
...

Sheet Naples
A1: MAP # | B1: LOCATE TICKET | C1: AREA | D1: DATE CALLED | E1: COMPANY NAME | F1: NOTES
A2: BHCD-FEF-01-W | B2: 56506013 | C2: Ft Meyers | D2: 45716 | E2: Diathena
A3: BHCD-FEF-01-W | B3: 56506218 | C3: Ft Meyers | D3: 45716 | E3: Diathena
A4: BHCD-FEF-01-E | B4: 56506367 | C4: Ft Meyers | D4: 45716 | E4: Diathena
A5: BCD-FDF-01-EH | B5: 56506513 | C5: Ft Meyers | D5: 45716 | E5: Diathena
A6: BCD-FDF-01-EH | B6: 56506567 | C6: Ft Meyers | D6: 45716 | E6: Diathena

Sheet Pinellas-St Petesburg
A1: MAP # | B1: LOCATE TICKET | C1: AREA | D1: DATE CALLED | E1: COMPANY NAME | F1: NOTES
A2: FB-HDH02A | B2: 10507009 | C2: ST PETE | D2: 45658 | E2: Juan Garcia
A3: FB-HDH02A | B3: 10507037 | C3: ST PETE | D3: 45658 | E3: Juan Garcia
A4: FB-HDH02A | B4: 10507027 | C4: ST PETE | D4: 45658 | E4: Juan Garcia
A5: FB-HDH02A | B5: 10507008 | C5: ST PETE | D5: 45658 | E5: Juan Garcia
A6: FB-HDH02A | B6: 10507102 | C6: ST PETE | D6: 45658 | E6: Juan Garcia
A7: FB-HDH02A | B7: 10507007 | C7: ST PETE | D7: 45658 | E7: Juan Garcia
A8: FB-HDH02A | B8: 10507014 | C8: ST PETE | D8: 45658 | E8: Juan Garcia
A9: FB-HDH02A | B9: 9504725 | C9: ST PETE | D9: 45666 | E9: REYCAMP | F9: REYCAMP..NORTH SIDE OF 29TH AVE N , STARTING AT 47TH ST N EAST TO 46TH ST N
A10: FB-HDH02A | B10: 9502380 | C10: ST PETE | D10: 45666 | E10: REYCAMP | F10: REYCAMP..WEST SIDE OF 47TH ST N STARTING AT 36TH AVE N GOING SOUTH TO 33RD AVE N...PC1343 HAS DECLARED EXTRAORDINARY CIRCUMSTANCES
A11: FB-HDH02A | B11: 9501187 | C11: ST PETE | D11: 45666 | E11: REYCAMP | F11: REYCAMP...WEST AND SOUTH SIDE OF PROPERTY 301 S DALE MABRY...MCIU01, TAMP04, VW2324 HAS DECLARED EXTRAORDINARY CIRCUMSTANCES
A12: FB-HDH02A | B12: 10507009 | C12: ST PETE | D12: 45667 | E12: Juan Garcia | F12: Missing Frontier and Power Locates
A13: FB-HDH02A | B13: 10507014 | C13: ST PETE | D13: 45667 | E13: Juan Garcia | F13: Missing Frontier and Power Locates
A14: FB-HDH02A | B14: 10507027 | C14: ST PETE | D14: 45667 | E14: Juan Garcia | F14: Missing Frontier and Power Locates
A15: FB-HDH02A | B15: 10507008 | C15: ST PETE | D15: 45667 | E15: Juan Garcia | F15: Missing Frontier and Power Locates
A16: FB-HDH02A | B16: 10507003 | C16: ST PETE | D16: 45667 | E16: Juan Garcia | F16: Missing Frontier and Power Locates
A17: FB-HDH02A | B17: 8509919 | C17: ST PETE | D17: 45668 | E17: REYCAMP | F17: REYCAMP-WEST SIDE OF 51ST N, STARTING AT 28TH AVE N TO 30TH AVE N
A18: FB-HDH02A | B18: 8509573 | C18: ST PETE | D18: 45668 | E18: REYCAMP | F18: WEST SIDE OF UTTICA ST N , STARTING AT 38TH AVE N GOING SOUTH TO 36TH AVE N...PC1343 HAS DECLARED EXTRAORDINARY CIRCUMSTANCES
A19: FB-HDH02A | B19: 14509553 | C19: ST PETE | D19: 45671 | E19: REYCAMP | F19: REYCAMP. SOUTH SIDE OF 36TH AVE N , STARTING AT 45TH ST N WEST TO 46TH ST N....PC1343 HAS DECLARED EXTRAORDINARY CIRCUMSTANCES
A20: FB-HDH02A | B20: 14509533 | C20: ST PETE | D20: 45671 | E20: REYCAMP | F20: REYCAMP..WEST SIDE OF 45TH ST N..32ND ST N GOING NORTH TO 36TH AVE N...
... A26: FB-HDH02A | B26: 14509450 | C26: ST PETE | D26: 45671 | E26: REYCAMP | F26: REYCAMP..BOTH SIDES OF30TH AVE N...STARTING 51ST ST N GOING WEST TO 52ND ST N
A27: FB-HDH02A | B27: 17507042 | C27: PINELLAS | D27: 45674 | E27: JUAN GARCIA
A28: FB-HDH02A | B28: 17507045 | C28: PINELLAS | D28: 45674 | E28: JUAN GARCIA
A29: FB-HDH02A | B29: 17507052 | C29: PINELLAS | D29: 45674 | E29: JUAN GARCIA
A30: FB-HDH02A | B30: 17507041 | C30: PINELLAS | D30: 45674 | E30: JUAN GARCIA
A31: FB-HDH02A | B31: 17507047 | C31: PINELLAS | D31: 45674 | E31: JUAN GARCIA
A32: FB-HDH02A | B32: 17507044 | C32: PINELLAS | D32: 45674 | E32: JUAN GARCIA
A33: FB-HDH02A | B33: 18500390 | C33: PINELLAS | D33: 45674 | E33: JUAN GARCIA
A34: FB-HDH02A | B34: 18500398 | C34: PINELLAS | D34: 45674 | E34: JUAN GARCIA
A35: FB-HDH02A | B35: 18500403 | C35: PINELLAS | D35: 45674 | E35: JUAN GARCIA
A36: D-HDH66 | B36: 18500300 | C36: PINELLAS | D36: 45675 | E36: REYCAMP
A37: D-HDH66 | B37: 18500282 | C37: PINELLAS | D37: 45675 | E37: REYCAMP
A38: D-HDH66 | B38: 18500294 | C38: PINELLAS | D38: 45675 | E38: REYCAMP
... A94: FB-HDH02A | B94: 23507104 | C94: PINELLAS / ST. PETE | D94: 45680 | E94: Bartlett Fiber
A95: D-HDH34 | B95: 29507354 | C95: ST PETE | D95: 45684 | E95: Lightspeed In-House | F95: 5025 35TH AVE N
A96: D-HDH34 | B96: 28507244 | C96: ST PETE | D96: 45684 | E96: Lightspeed In-House | F96: 30TH AVE N,41ST ST N
A97: D-HDH34 | B97: 28506894 | C97: ST PETE | D97: 45684 | E97: Lightspeed In-House | F97: 30TH AVE N,40TH ST N
A98: D-HDH34 | B98: 28506868 | C98: ST PETE | D98: 45684 | E98: Lightspeed In-House | F98: 30TH AVE N,38TH ST N
A99: D-HDH34 | B99: 28506849 | C99: ST PETE | D99: 45684 | E99: Lightspeed In-House | F99: 30TH AVE N,37TH ST N
A100: D-HDH34 | B100: 28506322 | C100: ST PETE | D100: 45684 | E100: Lightspeed In-House | F100: 30TH AVE N,37TH ST N
A101: D-HDH34 | B101: 28506204 | C101: ST PETE | D101: 45684 | E101: Lightspeed In-House | F101: 30TH AVE N,35TH ST N
A102: D-HDH34 | B102: 28506093 | C102: ST PETE | D102: 45684 | E102: Lightspeed In-House | F102: 2902 34TH ST N,30TH AVE N
A103: D-HDH34 | B103: 28506035 | C103: ST PETE | D103: 45684 | E103: Lightspeed In-House | F103: 2902 34TH ST N,30TH AVE N
A104: D-HDH34 | B104: 28505069 | C104: ST PETE | D104: 45684 | E104: Lightspeed In-House | F104: 916 32ND ST N,10TH AVE N
A105: D-HDH34 | B105: 28505038 | C105: ST PETE | D105: 45684 | E105: Lightspeed In-House | F105: 916 32ND ST N
A106: D-HDH34 | B106: 28504900 | C106: ST PETE | D106: 45684 | E106: Lightspeed In-House | F106: 1100 32ND ST N,11TH AVE N
... A146: D-HDH34 | B146: 30502052 | C146: ST PETE | D146: 45686 | E146: Lightspeed In-House | F146: 38TH AVE N,41ST ST N
A147: D-H0222D | B147: 31500021 | C147: PINELLAS / ST. PETE | D147: 45688 | E147: Bartlett Fiber
A148: D-H0222D | B148: 31500022 | C148: PINELLAS / ST. PETE | D148: 45688 | E148: Bartlett Fiber
A149: D-H0222D | B149: 31500023 | C149: PINELLAS / ST. PETE | D149: 45688 | E149: Bartlett Fiber
A150: D-H0222D | B150: 31500025 | C150: PINELLAS / ST. PETE | D150: 45688 | E150: Bartlett Fiber
A151: D-H0222D | B151: 31500028 | C151: PINELLAS / ST. PETE | D151: 45688 | E151: Bartlett Fiber
A152: D-H0222D | B152: 31500031 | C152: PINELLAS / ST. PETE | D152: 45688 | E152: Bartlett Fiber
A153: D-H0222D | B153: 31500033 | C153: PINELLAS / ST. PETE | D153: 45688 | E153: Bartlett Fiber
A154: D-H0222D | B154: 31500035 | C154: PINELLAS / ST. PETE | D154: 45688 | E154: Bartlett Fiber
A155: D-H0222D | B155: 31500036 | C155: PINELLAS / ST. PETE | D155: 45688 | E155: Bartlett Fiber
A156: D-H0222D | B156: 31500037 | C156: PINELLAS / ST. PETE | D156: 45688 | E156: Bartlett Fiber
A157: D-H0222D | B157: 31500038 | C157: PINELLAS / ST. PETE | D157: 45688 | E157: Bartlett Fiber
A158: D-H0222D | B158: 31500039 | C158: PINELLAS / ST. PETE | D158: 45688 | E158: Bartlett Fiber
... A173: D-H0222D | B173: 31500055 | C173: PINELLAS / ST. PETE | D173: 45688 | E173: Bartlett Fiber
A174: D-H0222D | B174: 31500054 | C174: ST PETE | D174: 45688 | E174: Bartlett Fiber | F174: 5TH ST S,HILLSIDE DR S,58TH AVE S
A175: D-H0222D | B175: 31500053 | C175: ST PETE | D175: 45688 | E175: Bartlett Fiber | F175: 5592, 5600 5TH ST S
A176: D-H0222D | B176: 31500052 | C176: ST PETE | D176: 45688 | E176: Bartlett Fiber | F176: 5TH ST S,HILLSIDE DR S,58TH AVE S
A177: D-H0222D | B177: 31500051 | C177: ST PETE | D177: 45688 | E177: Bartlett Fiber | F177: 5699, 5701 5TH WAY S
A178: D-H0222D | B178: 31500049 | C178: ST PETE | D178: 45688 | E178: Bartlett Fiber | F178: 5501, 5551 5TH WAY S
A179: D-H0222D | B179: 31500048 | C179: ST PETE | D179: 45688 | E179: Bartlett Fiber | F179: 5TH WAY S,HILLSIDE DR S,58TH AVE S
A180: D-H0222D | B180: 31500047 | C180: ST PETE | D180: 45688 | E180: Bartlett Fiber | F180: 5TH WAY S,HILLSIDE DR S,58TH AVE S
A181: D-H0222D | B181: 31500046 | C181: ST PETE | D181: 45688 | E181: Bartlett Fiber | F181: 5701, 5747 6TH ST S
A182: D-H0222D | B182: 31500045 | C182: ST PETE | D182: 45688 | E182: Bartlett Fiber | F182: 5601, 5633 6TH ST S
A183: D-H0222D | B183: 31500044 | C183: ST PETE | D183: 45688 | E183: Bartlett Fiber | F183: 6TH ST S,HILLSIDE DR S,58TH AVE S
A184: D-H0222D | B184: 31500043 | C184: ST PETE | D184: 45688 | E184: Bartlett Fiber | F184: 6TH ST S,HILLSIDE DR S,58TH AVE S
A185: D-H0222D | B185: 31500042 | C185: ST PETE | D185: 45688 | E185: Bartlett Fiber | F185: 58TH AVE S,6TH ST S
... A403: D-H0222A | B403: 37508476 | C403: ST PETE | D403: 45694 | E403: Sunshine Underground | F403: 4TH ST S,62ND AVE S,66TH AVE S
A434: D-H0222D | B434: 35505986 | C434: PINELLAS / ST. PETE | D434: 45695 | E434: Brothers
A435: D-H0222D | B435: 35506054 | C435: PINELLAS / ST. PETE | D435: 45695 | E435: Brothers
A436: D-H0222D | B436: 35506111 | C436: PINELLAS / ST. PETE | D436: 45695 | E436: Brothers
A437: D-H0222D | B437: 35506159 | C437: PINELLAS / ST. PETE | D437: 45695 | E437: Brothers
A438: D-H0222D | B438: 35506199 | C438: PINELLAS / ST. PETE | D438: 45695 | E438: Brothers
A439: D-H0222D | B439: 35506238 | C439: PINELLAS / ST. PETE | D439: 45695 | E439: Brothers
A440: D-H0223E | B440: 38504585 | C440: PINELLAS / ST. PETE | D440: 45695 | E440: Sunshine Underground
A441: D-H0223E | B441: 38504674 | C441: PINELLAS / ST. PETE | D441: 45695 | E441: Sunshine Underground
A442: D-H0223E | B442: 38504725 | C442: PINELLAS / ST. PETE | D442: 45695 | E442: Sunshine Underground
A443: D-H0223E | B443: 38504796 | C443: PINELLAS / ST. PETE | D443: 45695 | E443: Sunshine Underground
A444: D-H0223E | B444: 38504886 | C444: PINELLAS / ST. PETE | D444: 45695 | E444: Sunshine Underground
A445: D-H0223E | B445: 38504963 | C445: PINELLAS / ST. PETE | D445: 45695 | E445: Sunshine Underground
... A452: D-H0223E | B452: 38505536 | C452: PINELLAS / ST. PETE | D452: 45695 | E452: Sunshine Underground
A453: D-HNP138 | B453: 39500389 | C453: ST PETE | D453: 45696 | E453: FCA Fiber | F453: DES MOINES ST NE
A454: D-HNP138 | B454: 39500387 | C454: ST PETE | D454: 45696 | E454: FCA Fiber | F454: CONNECTICUT AVE
A455: D-HNP138 | B455: 39500392 | C455: ST PETE | D455: 45696 | E455: FCA Fiber | F455: CONNECTICUT AVE
A456: D-HNP138 | B456: 39500391 | C456: ST PETE | D456: 45696 | E456: FCA Fiber | F456: CONNECTICUT AVE NE
A457: D-HNP138 | B457: 39500395 | C457: ST PETE | D457: 45696 | E457: FCA Fiber | F457: HUNTINGTON ST NE
A458: D-HNP138 | B458: 39500399 | C458: ST PETE | D458: 45696 | E458: FCA Fiber | F458: HUNTINGTON ST NE
A459: D-HNP138 | B459: 39500402 | C459: ST PETE | D459: 45696 | E459: FCA Fiber | F459: HARRISBURG ST NE
A460: D-HNP138 | B460: 39500404 | C460: ST PETE | D460: 45696 | E460: FCA Fiber | F460: HARRISBURG ST NE
A461: D-HNP138 | B461: 39500405 | C461: ST PETE | D461: 45696 | E461: FCA Fiber | F461: CHEYENNE ST NE
A462: D-HNP138 | B462: 39500411 | C462: ST PETE | D462: 45696 | E462: FCA Fiber | F462: CONNECTICUT AVE NE
A463: D-HNP138 | B463: 39500408 | C463: ST PETE | D463: 45696 | E463: FCA Fiber | F463: HARRISBURG ST NE
A464: D-HDH66 | B464: 48503822 | C464: ST PETE | D464: 45705 | E464: Bartlett Fiber | F464: (W)SW-NW, 53RD ST N/37TH AVE N-34TH AVE N
... A769: D-H0221C | B769: 65505913 | C769: ST PETE | D769: 45722 | E769: Bartlett Fiber | F769: (N)NE-NW, 64TH AVE S/6TH ST S-4TH ST S

Sheet Sarasota

Sheet Completed locates
A1: MAP # | B1: PERMIT # | C1: LOCATE TICKET | D1: 2ND TICKET | E1: 3RD TICKET | F1: PHONE NUMBER | G1: AREA | H1: COMPANY NAME | I1: DATE CALLED | J1: DUE DATE | K1: EXPIRE DATE | L1: 1st Call | M1: 2nd Call | N1: 3rd Call | O1: TICKET STATUS | P1: DATE TICKET COMPLETED | Q1: FOOTAGE | R1: NOTES
A2: D-HWP713 | C2: 38505194 | G2: LAKELAND | H2: Brothers | I2: 45695 | R2: Griffin Rd & Kalt Dr
A3: D-HWP713 | C3: 38505213 | G3: LAKELAND | H3: Brothers | I3: 45695 | R3: Kalt Dr & Griffin Rd
A4: D-HWP105 | C4: 50507609 | G4: LAKELAND | H4: BROTHERS | I4: 45707 | R4: N LAKE AVE,E PARKER ST
A5: D-HWP105 | C5: 50507859 | G5: LAKELAND | H5: BROTHERS | I5: 45707 | R5: E MAGNOLIA ST,N STELLA AVE,N LAKE AVE
A6: rev 000259-golden wings mhp | C6: 21507562 | G6: LAKELAND | H6: Lightspeed In-House | I6: 45678
A7: rev 000259-golden wings mhp | C7: 21507565 | G7: LAKELAND | H7: Lightspeed In-House | I7: 45678
A8: rev 000259-golden wings mhp | C8: 21507568 | G8: LAKELAND | H8: Lightspeed In-House | I8: 45678
A9: rev 000259-golden wings mhp | C9: 21507569 | G9: LAKELAND | H9: Lightspeed In-House | I9: 45678
A10: rev 000259-golden wings mhp | C10: 21507570 | G10: LAKELAND | H10: Lightspeed In-House | I10: 45678
A11: D-H0222B | C11: 30503735 | G11: ST PETERSBURG | H11: Brothers | I11: 45686 | R11: 2ND ST S,56TH AVE S,60TH AVE S
A12: D-H0222B | C12: 30503776 | G12: ST PETERSBURG | H12: Brothers | I12: 45686 | R12: 59TH AVE S,BAHAMA SHORES DR S,3RD ST S
A13: D-H0222B | C13: 30503798 | G13: ST PETERSBURG | H13: Brothers | I13: 45686 | R13: 60TH AVE S,BAHAMA SHORES DR S,3RD ST S
A14: D-H0222B | C14: 30503821 | G14: ST PETERSBURG | H14: Brothers | I14: 45686 | R14: BAHAMA SHORES DR S,58TH AVE S,62ND AVE S
A15: D-H0222B | C15: 30503763 | G15: ST PETERSBURG | H15: Brothers | I15: 45686 | R15: 58TH AVE S,BAHAMA SHORES DR S,3RD ST S
A16: D-H0222B | C16: 35505134 | G16: ST PETERSBURG | H16: Brothers | I16: 45691 | R16: BAHAMA SHORES DR S,58TH AVE S,62ND AVE S
A17: D-H0222B | C17: 35505087 | G17: ST PETERSBURG | H17: Brothers | I17: 45691 | R17: 60TH AVE S,BAHAMA SHORES DR S,3RD ST S
A18: D-H0222B | C18: 35504960 | G18: ST PETERSBURG | H18: Brothers | I18: 45691 | R18: 3RD ST S,59TH AVE S,60TH AVE S
A19: D-H0222B | C19: 35504929 | G19: ST PETERSBURG | H19: Brothers | I19: 45691 | R19: 2ND ST S,56TH AVE S,60TH AVE S
A20: D-H0222B | C20: 35504891 | G20: ST PETERSBURG | H20: Brothers | I20: 45691 | R20: 59TH AVE S,BAHAMA SHORES DR S,3RD ST S
A21: D-H0222B | C21: 35504415 | G21: ST PETERSBURG | H21: Brothers | I21: 45691 | R21: 58TH AVE S,BAHAMA SHORES DR S,3RD ST S
A22: D-H0223D | C22: 35506238 | G22: ST PETERSBURG | H22: Brothers | I22: 45691 | R22: 51ST AVE S,7TH ST S,6TH ST S
... A153: D-H0223A | C153: 35501743 | G153: ST PETERSBURG | H153: Bartlett Fiber | I153: 45692 | R153: (N)NE-NW, 52ND AVE S/8TH ST S-7TH ST S
A154: D-HDH66 | C154: 18500300 | G154: ST PETERSBURG | H154: REYCAMP | I154: 45675
A155: D-HDH66 | C155: 18500282 | G155: ST PETERSBURG | H155: REYCAMP | I155: 45675
A156: D-HDH66 | C156: 18500294 | G156: ST PETERSBURG | H156: REYCAMP | I156: 45675
A157: D-HDH66 | C157: 18500272 | G157: ST PETERSBURG | H157: REYCAMP | I157: 45675
A158: D-HDH66 | C158: 18500276 | G158: ST PETERSBURG | H158: REYCAMP | I158: 45675
A159: D-HDH66 | C159: 21507602 | G159: ST PETERSBURG | H159: Bartlett Fiber | I159: 45679
A160: D-HDH66 | C160: 22500600 | G160: ST PETERSBURG | H160: Bartlett Fiber | I160: 45679
A161: D-HDH66 | C161: 22500667 | G161: ST PETERSBURG | H161: Bartlett Fiber | I161: 45679
A162: D-HDH66 | C162: 22500718 | G162: ST PETERSBURG | H162: Bartlett Fiber | I162: 45679
A163: D-HDH66 | C163: 48503822 | G163: ST PETERSBURG | H163: Bartlett Fiber | I163: 45705 | R163: (W)SW-NW, 53RD ST N/37TH AVE N-34TH AVE N
A164: D-HDH66 | C164: 48503862 | G164: ST PETERSBURG | H164: Bartlett Fiber | I164: 45705 | R164: RD+(N,DRWY) 3690 53RD ST N
A165: D-HDH66 | C165: 48503899 | G165: ST PETERSBURG | H165: Bartlett Fiber | I165: 45705 | R165: RD+(W,S), 53RD ST N & 36TH AVE N
A166: D-HDH66 | C166: 48503938 | G166: ST PETERSBURG | H166: Bartlett Fiber | I166: 45705 | R166: RD+(W,N), 53RD ST N & 35TH TER N
A167: D-HDH66 | C167: 48504049 | G167: ST PETERSBURG | H167: Bartlett Fiber | I167: 45705 | R167: (S)SW-SW, 36TH AVE N/53RD ST N-52ND ST N
A168: D-HDH66 | C168: 48504019 | G168: ST PETERSBURG | H168: Bartlett Fiber | I168: 45705 | R168: RD+x2, 5298, 5284 & 5270, 5256 36TH AVE N
A169: D-HDH66 | C169: 48504110 | G169: ST PETERSBURG | H169: Bartlett Fiber | I169: 45705 | R169: RD+, 5242, 5228 36TH AVE N
A170: D-HDH66 | C170: 48504133 | G170: ST PETERSBURG | H170: Bartlett Fiber | I170: 45705 | R170: RD+(E PROP LINE), 5214 36TH AVE N
A171: D-HDH66 | C171: 48504220 | G171: ST PETERSBURG | H171: Bartlett Fiber | I171: 45705 | R171: (N)NW-NW, 35TH TER N/53RD ST N-52ND ST N
A172: D-HDH66 | C172: 48504325 | G172: ST PETERSBURG | H172: Bartlett Fiber | I172: 45705 | R172: RD+x2, 5297, 5287 & 5273, 5259 35TH TER N
A173: D-HDH66 | C173: 48504378 | G173: ST PETERSBURG | H173: Bartlett Fiber | I173: 45705 | R173: RD+, 5245, 5231 35TH TER N
A174: D-HDH66 | C174: 48504399 | G174: ST PETERSBURG | H174: Bartlett Fiber | I174: 45705 | R174: RD+(E PROP LINE), 5217 35TH TER N
... A346: D-HWP102 | C346: 36504999 | G346: LAKELAND | H346: FDC | I346: 45692 | R346: N LAKE AVE,E MAGNOLIA ST,E OAK ST
A347: D-HWP102 | C347: 36505340 | G347: LAKELAND | H347: Lightspeed In-House | I347: 45692
A348: D-HWP102 | C348: 36505390 | G348: LAKELAND | H348: Lightspeed In-House | I348: 45692
A349: D-HWP102 | C349: 36505446 | G349: LAKELAND | H349: Lightspeed In-House | I349: 45692
A350: D-HWP102 | C350: 36505501 | G350: LAKELAND | H350: Lightspeed In-House | I350: 45692
A351: D-HWP102 | C351: 36504194 | G351: LAKELAND | H351: Lightspeed In-House | I351: 45692
A352: D-HWP102 | C352: 36504399 | G352: LAKELAND | H352: Lightspeed In-House | I352: 45692
A353: D-HWP102 | C353: 36504493 | G353: LAKELAND | H353: Lightspeed In-House | I353: 45692
A354: D-HWP102 | C354: 36504549 | G354: LAKELAND | H354: Lightspeed In-House | I354: 45692
A355: D-HWP102 | C355: 36504718 | G355: LAKELAND | H355: Lightspeed In-House | I355: 45692
A356: D-HWP102 | C356: 36505051 | G356: LAKELAND | H356: FDC | I356: 45692 | R356: E OAK ST,N LAKE AVE
A357: D-HWP102 | C357: 36505051 | G357: LAKELAND | H357: FDC | I357: 45692 | R357: E OAK ST,N LAKE AVE
A358: D-HWP102 | C358: 36501604 | G358: LAKELAND | H358: FDC | I358: 45692 | R358: 622 N VERMONT AVE
A359: D-HWP102 | C359: 36505501 | G359: LAKELAND | H359: FDC | I359: 45692 | R359: E MYRTLE ST,N IOWA AVE,N STELLA AVE
A360: D-HWP102 | C360: 36505446 | G360: LAKELAND | H360: FDC | I360: 45692 | R360: N IOWA AVE,E MYRTLE ST
A361: D-HWP102 | C361: 36505390 | G361: LAKELAND | H361: FDC | I361: 45692 | R361: N IOWA AVE,E MYRTLE ST
A362: D-HWP102 | C362: 36505340 | G362: LAKELAND | H362: FDC | I362: 45692 | R362: 405 E MYRTLE ST
A363: D-HWP102 | C363: 36505299 | G363: LAKELAND | H363: FDC | I363: 45692 | R363: MABEL AVE,E MAGNOLIA ST,E PEACHTREE ST
A364: D-HWP102 | C364: 36505254 | G364: LAKELAND | H364: FDC | I364: 45692 | R364: MABEL AVE,E MYRTLE ST,E MAGNOLIA ST
A365: D-HWP102 | C365: 36505184 | G365: LAKELAND | H365: FDC | I365: 45692 | R365: N MORGAN AVE,E MAGNOLIA ST,E PEACHTREE ST
A366: D-HWP102 | C366: 36504303 | G366: LAKELAND | H366: Lightspeed In-House | I366: 45692
A367: D-HWP102 | C367: 36504399 | G367: LAKELAND | H367: Lightspeed In-House | I367: 45692
A368: D-HWP102 | C368: 36504493 | G368: LAKELAND | H368: Lightspeed In-House | I368: 45692
A369: D-HWP102 | C369: 36504549 | G369: LAKELAND | H369: Lightspeed In-House | I369: 45692
A370: D-HWP102 | C370: 36504718 | G370: LAKELAND | H370: Lightspeed In-House | I370: 45692
A371: D-HWP102 | C371: 36504907 | G371: LAKELAND | H371: Lightspeed In-House | I371: 45692
A372: D-HWP102 | C372: 36504999 | G372: LAKELAND | H372: FDC | I372: 45692 | R372: N LAKE AVE,E MAGNOLIA ST,E OAK ST
A373: D-HWP102 | C373: 36505051 | G373: LAKELAND | H373: FDC | I373: 45692 | R373: E OAK ST,N LAKE AVE
A374: D-HWP102 | C374: 36505051 | G374: LAKELAND | H374: FDC | I374: 45692 | R374: E OAK ST,N LAKE AVE
A375: D-HWP102 | C375: 36505123 | G375: LAKELAND | H375: FDC | I375: 45694 | R375: N MORGAN AVE,E MYRTLE ST,E MAGNOLIA ST
A376: D-HWP102 | C376: 36505184 | G376: LAKELAND | H376: FDC | I376: 45692 | R376: N MORGAN AVE,E MAGNOLIA ST,E PEACHTREE ST
A377: D-HWP102 | C377: 36505254 | G377: LAKELAND | H377: FDC | I377: 45692 | R377: MABEL AVE,E MYRTLE ST,E MAGNOLIA ST
A378: D-HWP102 | C378: 36505299 | G378: LAKELAND | H378: FDC | I378: 45692 | R378: MABEL AVE,E MAGNOLIA ST,E PEACHTREE ST
A379: D-HWP102 | C379: 36505340 | G379: LAKELAND | H379: Lightspeed In-House | I379: 45692
A380: D-HWP102 | C380: 36505340 | G380: LAKELAND | H380: FDC | I380: 45692 | R380: 405 E MYRTLE ST
A381: D-HWP102 | C381: 36505390 | G381: LAKELAND | H381: Lightspeed In-House | I381: 45692
A382: D-HWP102 | C382: 36505390 | G382: LAKELAND | H382: FDC | I382: 45692 | R382: N IOWA AVE,E MYRTLE ST
A383: D-HWP102 | C383: 36505446 | G383: LAKELAND | H383: Lightspeed In-House | I383: 45692
A384: D-HWP102 | C384: 36505446 | G384: LAKELAND | H384: FDC | I384: 45692 | R384: N IOWA AVE,E MYRTLE ST
A385: D-HWP102 | C385: 36505501 | G385: LAKELAND | H385: Lightspeed In-House | I385: 45692
A386: D-HWP102 | C386: 36505501 | G386: LAKELAND | H386: FDC | I386: 45692 | R386: E MYRTLE ST,N IOWA AVE,N STELLA AVE
A387: D-HWP102 | C387: 36505123 | G387: LAKELAND | H387: FDC | I387: 45694 | R387: N MORGAN AVE,E MYRTLE ST,E MAGNOLIA ST
A388: D-HWP102 | C388: 36501604 | G388: LAKELAND | H388: FDC | I388: 45692 | R388: 622 N VERMONT AVE
A389: D-HWP105 | C389: 50507785 | G389: LAKELAND | H389: BROTHERS | I389: 45707 | R389: E MYRTLE ST,N STELLA AVE,N LAKE AVE
A390: D-HWP105 | C390: 50507819 | G390: LAKELAND | H390: BROTHERS | I390: 45707 | R390: N STELLA AVE,E MYRTLE ST
A391: D-HWP105 | C391: 50507838 | G391: LAKELAND | H391: BROTHERS | I391: 45707 | R391: E PEACHTREE ST,N STELLA AVE,N LAKE AVE
A392: D-HWP105 | C392: 50507640 | G392: LAKELAND | H392: BROTHERS | I392: 45707 | R392: PLUM ST,N LAKE AVE,LAKESHORE DR
A393: D-HWP105 | C393: 50507678 | G393: LAKELAND | H393: BROTHERS | I393: 45707 | R393: LAKESHORE DR,PLUM ST
A394: D-HWP105 | C394: 50507713 | G394: LAKELAND | H394: BROTHERS | I394: 45707 | R394: E PARKER ST,N LAKE AVE
A395: D-HWP105 | C395: 50507757 | G395: LAKELAND | H395: BROTHERS | I395: 45707 | R395: N LAKE AVE,E PARKER ST,E MAGNOLIA ST
A396: D-HWP105 | C396: 50507609 | G396: LAKELAND | H396: Brothers | I396: 45707 | R396: N LAKE AVE,E PARKER ST
A397: D-HWP105 | C397: 50507859 | G397: LAKELAND | H397: Brothers | I397: 45707 | R397: E MAGNOLIA ST,N STELLA AVE,N LAKE AVE
... A422: D-HWP105 | C422: 50507757 | G422: LAKELAND | H422: BROTHERS | I422: 45707 | R422: N LAKE AVE,E PARKER ST,E MAGNOLIA ST
A423: D-HWP415 | C423: 6508035 | G423: LAKELAND | H423: SB MARTINEZ | I423: 45659
A424: D-HWP415 | C424: 6508102 | G424: LAKELAND | H424: SB MARTINEZ | I424: 45659
A425: D-HWP415 | C425: 6508109 | G425: LAKELAND | H425: SB MARTINEZ | I425: 45659
...
